Rep_ID,Rep_Name,Region
REP001,Edhitha Gokhale,East
REP002,Urvashi Gill,West
REP003,Triveni Jain,Central
REP004,Maya Chhabra,Central
REP005,Oliver De,Central
REP006,Thomas Tata,North
REP007,Urishilla Dora,East
REP008,Deepa Bahri,East
REP009,Nitesh Pau,West
REP010,Siya Garg,Central
REP011,Anjali Mukherjee,South
REP012,Siya Choudhry,East
REP013,Tanay Setty,South
REP014,Yutika Purohit,Central
REP015,Rachit Wadhwa,North
REP016,Ishaan Talwar,Central
REP017,Warinder Keer,North
REP018,Udyati Kumar,North
REP019,Vritti Suresh,North
REP020,Chatura Bhakta,North
REP021,Charan Nadig,North
REP022,Yasti Panchal,West
REP023,William Reddy,Central
REP024,Maanav Bail,North
REP025,Aishani Dave,Central
REP026,Lopa Dani,East
REP027,Rudra Das,Central
REP028,Libni Nigam,West
REP029,Yochana Toor,West
REP030,Avi Rege,Central
REP031,Panini Vaidya,Central
REP032,Kashvi Venkatesh,South
REP033,Raghav Sunder,South
REP034,Yashasvi Muni,North
REP035,Mitesh Sarkar,West
REP036,Jagat Khare,Central
REP037,Urvashi Ramanathan,East
REP038,Zarna Chana,East
REP039,Reyansh Sura,South
REP040,Rachana Bawa,West
REP041,Gaurika Soni,East
REP042,Rehaan Joshi,West
REP043,Faqid D’Alia,North
REP044,Ekalinga Wadhwa,Central
REP045,Faraj Dayal,West
REP046,Sai Raval,Central
REP047,Dhriti Patil,East
REP048,Gaurangi Rajagopal,West
REP049,Karan Kant,East
REP050,Chatresh Modi,Central
REP051,Kashish Misra,South
REP052,Gayathri Soman,Central
REP053,Dakshesh Verma,East
REP054,Zinal Dutt,West
REP055,Laksh Mani,South
REP056,Chakradhar Nagarajan,West
REP057,Arunima Iyer,West
REP058,Chakradev Ravel,North
REP059,Urishilla Kapadia,North
REP060,Sanya Hans,North
REP061,Advika Choudhry,Central
REP062,Shivansh Ramachandran,East
REP063,Manthan Suresh,East
REP064,Tamanna Bhagat,Central
REP065,Aadi Dara,South
REP066,Tamanna Murty,North
REP067,Warda Narang,West
REP068,Jagrati Randhawa,South
REP069,Chatura Shetty,Central
REP070,Bhavini Bera,Central
REP071,Indrajit Shah,South
REP072,Panini Lata,East
REP073,Logan Sen,South
REP074,Falak Mohan,West
REP075,Anika Bhatnagar,Central
REP076,Ryan Bora,South
REP077,Mohammed Zacharia,South
REP078,Pratyush Subramanian,West
REP079,Sai Pall,North
REP080,Radha Dave,South
REP081,Vivaan Mishra,Central
REP082,Jasmit Sood,Central
REP083,Shravya Mitter,West
REP084,Priya Mukhopadhyay,Central
REP085,Advika Narang,Central
REP086,Praneel Rege,Central
REP087,Alexander Pai,South
REP088,Falak Mammen,North
REP089,Balvan Puri,West
REP090,Guneet Barad,Central
REP091,Upma Jhaveri,East
REP092,Ethan Rai,North
REP093,Neelima Kohli,South
REP094,Finn Kota,East
REP095,Nimrat Viswanathan,Central
REP096,Charles Chandran,Central
REP097,Lajita Barad,East
REP098,Bina Gupta,Central
REP099,Udant Kurian,West
REP100,Devika Raval,West
